maintainType,maintainDate,maintainPerformBy,cost,supervisedBy
General,6/7/2017,id.risus@google.net,50,dictum.eleifend@google.couk
General,4/3/2018,dis.parturient@yahoo.org,50,nibh.aliquam.ornare@aol.net
Welding,8/18/2019,ipsum.primis@outlook.org,100,nunc.sollicitudin@protonmail.org
General,5/3/2017,velit.justo.nec@yahoo.org,50,sed.pharetra@aol.com
Wreck Damage,8/16/2020,morbi.tristique.senectus@aol.edu,1000,vitae.velit.egestas@aol.com
Wreck Damage,7/30/2018,purus@hotmail.net,1000,duis@aol.ca
General,4/17/2021,tortor@protonmail.ca,50,nunc.sollicitudin@protonmail.org
Cleaning,12/9/2019,magna.suspendisse@yahoo.ca,30,nulla.semper@outlook.net
Cleaning,11/18/2016,ultrices.vivamus@aol.couk,30,a.arcu@aol.ca
Wreck Damage,3/9/2018,eget.metus.in@google.couk,1000,et.lacinia@yahoo.com
Cleaning,11/8/2017,dis.parturient@yahoo.org,30,metus.in.nec@google.ca
Railcar Wheel Replacement,2/10/2019,ipsum.primis@outlook.org,500,vitae.velit.egestas@aol.com
Cleaning,11/14/2018,velit.justo.nec@yahoo.org,30,nulla.semper@outlook.net
Cleaning,5/12/2018,ipsum.primis@outlook.org,30,mauris.aliquam@google.edu
General,2/15/2018,magna.sed@yahoo.ca,50,et.lacinia@yahoo.com
General,8/10/2021,velit@hotmail.com,50,augue.id@google.couk
Cleaning,6/12/2020,auctor.quis@icloud.couk,30,donec@icloud.net
Cleaning,2/13/2020,ligula.eu@aol.com,30,donec@icloud.net
Railcar Wheel Replacement,10/25/2017,non.dapibus.rutrum@yahoo.couk,500,a.arcu@aol.ca
Railcar Wheel Replacement,5/1/2017,auctor.velit.aliquam@outlook.couk,500,sed.pede.cum@aol.couk
Cleaning,6/11/2017,magna.sed.eu@yahoo.edu,30,et.lacinia@yahoo.com
General,5/12/2020,dui.in@yahoo.couk,50,urna.convallis@aol.com
Wreck Damage,9/16/2020,velit@hotmail.com,1000,metus.in.nec@google.ca
General,7/4/2017,magna.sed.eu@yahoo.edu,50,sed.pharetra@aol.com
Wreck Damage,10/16/2021,ipsum.primis@outlook.org,1000,nunc.sollicitudin@protonmail.org
General,3/22/2018,magna.sed.eu@yahoo.edu,50,nulla.semper@yahoo.org
General,7/26/2020,eget.metus.in@google.couk,50,augue.id@google.couk
Railcar Wheel Replacement,11/21/2018,velit@hotmail.com,500,vitae.velit.egestas@aol.com
General,3/19/2017,ipsum.primis@outlook.org,50,donec@icloud.net
Cleaning,1/20/2019,libero@yahoo.edu,30,donec@icloud.net
Cleaning,1/29/2020,purus@hotmail.net,30,sed.pharetra@aol.com
General,7/31/2021,ipsum.primis@outlook.org,50,eleifend@hotmail.couk
Welding,6/15/2020,ligula.eu@aol.com,100,a.arcu@aol.ca
General,11/30/2016,auctor.velit.aliquam@outlook.couk,50,augue.id@google.couk
General,10/19/2017,libero@yahoo.edu,50,nulla.eu@google.com
Cleaning,10/12/2019,magna.sed@yahoo.ca,30,sed.pede.cum@aol.couk
General,9/9/2021,lorem@protonmail.ca,50,eleifend@hotmail.couk
Railcar Wheel Replacement,6/19/2017,auctor.velit.aliquam@outlook.couk,500,eget.dictum@google.couk
General,9/20/2019,magna.suspendisse@yahoo.ca,50,sed.pede@protonmail.com
General,5/18/2019,nunc@yahoo.net,50,nibh.aliquam.ornare@aol.net
Cleaning,9/9/2017,morbi.tristique.senectus@aol.edu,30,eget.dictum@google.couk
General,12/15/2017,magna.sed.eu@yahoo.edu,50,vitae.velit.egestas@aol.com
General,12/9/2019,sem.vitae@hotmail.com,50,sed.pede@protonmail.com
General,4/18/2018,magna.sed.eu@yahoo.edu,50,sollicitudin@hotmail.com
General,12/27/2018,velit@hotmail.com,50,magna@icloud.couk
General,5/31/2020,dis.parturient@yahoo.org,50,vitae.velit.egestas@aol.com
General,10/30/2020,blandit.enim@aol.ca,50,sed.pharetra@aol.com
Railcar Wheel Replacement,12/2/2019,libero@yahoo.edu,500,dictum.eleifend@google.couk
Railcar Wheel Replacement,11/20/2018,ipsum.primis@outlook.org,500,nulla.semper@yahoo.org
Cleaning,5/18/2017,tortor@protonmail.ca,30,eleifend@hotmail.couk
General,2/9/2018,lorem@protonmail.ca,50,nibh.aliquam.ornare@aol.net
Wreck Damage,10/7/2020,auctor.quis@icloud.couk,1000,sollicitudin@hotmail.com
Cleaning,9/14/2020,auctor.velit.aliquam@outlook.couk,30,eget.dictum@google.couk
General,3/28/2020,dis.parturient@yahoo.org,50,suspendisse@yahoo.net
General,7/29/2021,consequat@hotmail.com,50,nibh.aliquam.ornare@aol.net
General,6/29/2017,magna.suspendisse@yahoo.ca,50,nunc.sollicitudin@protonmail.org
General,5/14/2021,tortor@protonmail.ca,50,suspendisse@yahoo.net
General,1/5/2020,libero@yahoo.edu,50,et.lacinia@yahoo.com
General,8/18/2019,ultrices.vivamus@aol.couk,50,nulla.eu@google.com
General,11/25/2018,dis.parturient@yahoo.org,50,nulla.eu@google.com
Welding,3/12/2021,purus@hotmail.net,100,sed.pede@protonmail.com
General,1/11/2021,magna.sed@yahoo.ca,50,nibh.aliquam.ornare@aol.net
Wreck Damage,7/16/2019,dui.quis.accumsan@yahoo.ca,1000,nulla.semper@outlook.net
Railcar Wheel Replacement,9/8/2019,velit.justo.nec@yahoo.org,500,nunc.sollicitudin@protonmail.org
Railcar Wheel Replacement,9/8/2017,magna.sed@yahoo.ca,500,vitae.velit.egestas@aol.com
General,8/24/2017,eget.metus.in@google.couk,50,sed.pharetra@aol.com
Railcar Wheel Replacement,6/25/2021,sem.vitae@hotmail.com,500,mauris.aliquam@google.edu
Welding,10/5/2019,velit.justo.nec@yahoo.org,100,mauris.aliquam@google.edu
Cleaning,3/19/2018,tortor@protonmail.ca,30,nibh.aliquam.ornare@aol.net
Railcar Wheel Replacement,12/5/2016,dui.quis.accumsan@yahoo.ca,500,eleifend@hotmail.couk
Cleaning,4/23/2021,dui.in@yahoo.couk,30,mauris.aliquam@google.edu
General,3/23/2017,tortor@protonmail.ca,50,nulla.semper@outlook.net
General,4/23/2021,magna.sed@yahoo.ca,50,sed.pharetra@aol.com
General,5/23/2019,nunc@yahoo.net,50,augue.id@google.couk
General,2/24/2020,libero@yahoo.edu,50,sed.pede@protonmail.com
General,3/18/2020,id.risus@google.net,50,nunc.sollicitudin@protonmail.org
Welding,3/1/2021,ultrices.vivamus@aol.couk,100,sed.pede@protonmail.com
General,4/29/2020,tortor@protonmail.ca,50,nibh.aliquam.ornare@aol.net
Cleaning,9/26/2017,non.dapibus.rutrum@yahoo.couk,30,urna.convallis@aol.com
Wreck Damage,5/12/2021,lorem@protonmail.ca,1000,duis.ac@protonmail.com
Wreck Damage,11/3/2020,morbi.tristique.senectus@aol.edu,1000,nunc.sollicitudin@protonmail.org
Wreck Damage,8/26/2021,morbi.tristique.senectus@aol.edu,1000,nulla.eu@google.com
Cleaning,7/28/2019,magna.sed@yahoo.ca,30,vulputate.nisi@google.org
General,5/31/2017,mollis.nec@aol.com,50,suspendisse@yahoo.net
General,2/16/2021,mollis.nec@aol.com,50,vitae.velit.egestas@aol.com
Wreck Damage,5/27/2018,magna.suspendisse@yahoo.ca,1000,nunc.sollicitudin@protonmail.org
Wreck Damage,12/8/2020,lorem@protonmail.ca,1000,nulla.semper@outlook.net
General,1/30/2017,auctor.quis@icloud.couk,50,sed.pede.cum@aol.couk
General,6/20/2019,auctor.quis@icloud.couk,50,duis.ac@protonmail.com
General,4/4/2019,dui.in@yahoo.couk,50,nulla.semper@outlook.net
Wreck Damage,4/30/2019,id.risus@google.net,1000,suspendisse@yahoo.net
Railcar Wheel Replacement,3/5/2020,morbi.tristique.senectus@aol.edu,500,donec@icloud.net
General,3/27/2018,morbi.tristique.senectus@aol.edu,50,sed.pede@protonmail.com
Railcar Wheel Replacement,12/5/2017,velit.justo.nec@yahoo.org,500,mauris.rhoncus.id@hotmail.net
Cleaning,11/24/2019,imperdiet.ullamcorper.duis@aol.edu,30,nulla.semper@yahoo.org
General,2/1/2021,ipsum.primis@outlook.org,50,mauris.aliquam@google.edu
Railcar Wheel Replacement,12/31/2017,id.risus@google.net,500,nibh.aliquam.ornare@aol.net
Railcar Wheel Replacement,1/21/2017,dui.in@yahoo.couk,500,augue.id@google.couk
Cleaning,12/4/2019,dui.quis.accumsan@yahoo.ca,30,urna.convallis@aol.com
Wreck Damage,12/4/2016,ultrices.vivamus@aol.couk,1000,nunc.sollicitudin@protonmail.org
Welding,11/13/2017,magna.suspendisse@yahoo.ca,100,eleifend@hotmail.couk
Wreck Damage,3/18/2017,libero@yahoo.edu,1000,nulla.semper@outlook.net
Railcar Wheel Replacement,7/11/2020,morbi.tristique.senectus@aol.edu,500,sollicitudin@hotmail.com
General,11/13/2021,libero@yahoo.edu,50,suspendisse@yahoo.net
Welding,7/11/2020,auctor.velit.aliquam@outlook.couk,100,sed.pharetra@aol.com
Railcar Wheel Replacement,3/7/2017,id.risus@google.net,500,dictum.eleifend@google.couk
General,10/18/2021,eget.metus.in@google.couk,50,urna.convallis@aol.com
Railcar Wheel Replacement,9/28/2021,mollis.nec@aol.com,500,donec@icloud.net
General,11/8/2020,magna.suspendisse@yahoo.ca,50,quisque.nonummy@yahoo.net
Cleaning,1/29/2017,dis.parturient@yahoo.org,30,a.arcu@aol.ca
General,8/25/2017,ultrices.vivamus@aol.couk,50,a.arcu@aol.ca
General,10/14/2020,tortor@protonmail.ca,50,vitae.velit.egestas@aol.com
General,9/7/2018,non.dapibus.rutrum@yahoo.couk,50,dictum.eleifend@google.couk
Railcar Wheel Replacement,8/9/2017,dis.parturient@yahoo.org,500,sed.pede.cum@aol.couk
Cleaning,2/18/2017,auctor.quis@icloud.couk,30,sed.pede.cum@aol.couk
Cleaning,11/23/2018,velit.justo.nec@yahoo.org,30,et.lacinia@yahoo.com
Railcar Wheel Replacement,4/28/2018,auctor.quis@icloud.couk,500,sed.pede@protonmail.com
Wreck Damage,11/21/2020,dis.parturient@yahoo.org,1000,nibh.aliquam.ornare@aol.net
General,5/26/2017,id.risus@google.net,50,nulla.semper@yahoo.org
General,12/15/2018,dui.in@yahoo.couk,50,sed.pharetra@aol.com
Cleaning,7/6/2021,id.risus@google.net,30,nibh.aliquam.ornare@aol.net
Wreck Damage,8/17/2021,imperdiet.ullamcorper.duis@aol.edu,1000,duis@aol.ca
Welding,3/17/2019,libero@yahoo.edu,100,nulla.semper@yahoo.org
Cleaning,12/14/2020,mollis.nec@aol.com,30,urna.convallis@aol.com
General,2/2/2018,dui.quis.accumsan@yahoo.ca,50,nibh.aliquam.ornare@aol.net
Wreck Damage,7/2/2017,dui.in@yahoo.couk,1000,dictum.eleifend@google.couk
General,8/22/2019,auctor.quis@icloud.couk,50,quisque.nonummy@yahoo.net
General,4/9/2021,dui.quis.accumsan@yahoo.ca,50,dictum.eleifend@google.couk
Railcar Wheel Replacement,9/22/2020,sem.vitae@hotmail.com,500,nibh.aliquam.ornare@aol.net
Cleaning,5/22/2018,dis.parturient@yahoo.org,30,nibh.aliquam.ornare@aol.net
Welding,8/7/2017,dis.parturient@yahoo.org,100,duis@aol.ca
General,4/24/2020,non.dapibus.rutrum@yahoo.couk,50,mauris.rhoncus.id@hotmail.net
General,9/26/2021,non.dapibus.rutrum@yahoo.couk,50,nibh.aliquam.ornare@aol.net
General,6/24/2020,magna.sed@yahoo.ca,50,quisque.nonummy@yahoo.net
Cleaning,3/29/2017,nunc@yahoo.net,30,vitae.velit.egestas@aol.com
General,7/5/2018,ipsum.primis@outlook.org,50,nunc.sollicitudin@protonmail.org
General,2/18/2017,ligula.eu@aol.com,50,metus.in.nec@google.ca
Cleaning,9/9/2017,magna.sed@yahoo.ca,30,eget.dictum@google.couk
General,8/24/2020,purus@hotmail.net,50,sed.pede.cum@aol.couk
Railcar Wheel Replacement,1/6/2018,tortor@protonmail.ca,500,nulla.semper@outlook.net
Cleaning,2/20/2019,non.dapibus.rutrum@yahoo.couk,30,suspendisse@yahoo.net
General,12/31/2016,ipsum.primis@outlook.org,50,et.lacinia@yahoo.com
General,7/4/2020,blandit.enim@aol.ca,50,mauris.aliquam@google.edu
Wreck Damage,4/5/2019,libero@yahoo.edu,1000,quisque.nonummy@yahoo.net
Wreck Damage,10/13/2017,ligula.eu@aol.com,1000,et.lacinia@yahoo.com
General,1/13/2017,lorem@protonmail.ca,50,sed.pede.cum@aol.couk
Cleaning,5/10/2018,ultrices.vivamus@aol.couk,30,augue.id@google.couk
Welding,6/10/2018,morbi.tristique.senectus@aol.edu,100,augue.id@google.couk
General,6/17/2021,magna.sed.eu@yahoo.edu,50,nulla.semper@outlook.net
General,10/2/2017,ligula.eu@aol.com,50,et.lacinia@yahoo.com
Cleaning,8/15/2019,velit@hotmail.com,30,nibh.aliquam.ornare@aol.net
General,6/30/2018,ultrices.vivamus@aol.couk,50,urna.convallis@aol.com
Welding,5/31/2017,lorem@protonmail.ca,100,vulputate.nisi@google.org
General,1/22/2019,eget.metus.in@google.couk,50,suspendisse@yahoo.net
Cleaning,9/22/2020,mollis.nec@aol.com,30,sed.pharetra@aol.com
General,9/23/2021,ligula.eu@aol.com,50,quisque.nonummy@yahoo.net
General,1/10/2021,velit@hotmail.com,50,dictum.eleifend@google.couk
General,8/4/2021,non.dapibus.rutrum@yahoo.couk,50,metus.in.nec@google.ca
General,10/30/2017,tortor@protonmail.ca,50,metus.in.nec@google.ca
Railcar Wheel Replacement,6/6/2018,lorem@protonmail.ca,500,suspendisse@yahoo.net
General,4/14/2018,magna.sed@yahoo.ca,50,metus.in.nec@google.ca
Cleaning,8/11/2021,mollis.nec@aol.com,30,nunc.sollicitudin@protonmail.org
General,2/21/2018,non.dapibus.rutrum@yahoo.couk,50,sed.pharetra@aol.com
Welding,4/5/2019,libero@yahoo.edu,100,metus.in.nec@google.ca
General,5/24/2020,imperdiet.ullamcorper.duis@aol.edu,50,a.arcu@aol.ca
Railcar Wheel Replacement,3/10/2017,blandit.enim@aol.ca,500,duis@aol.ca
General,7/18/2021,mollis.nec@aol.com,50,dictum.eleifend@google.couk
General,9/26/2018,mollis.nec@aol.com,50,vitae.velit.egestas@aol.com
Wreck Damage,7/4/2018,dis.parturient@yahoo.org,1000,nulla.semper@outlook.net
General,2/22/2021,ligula.eu@aol.com,50,vitae.velit.egestas@aol.com
Cleaning,5/15/2018,magna.sed.eu@yahoo.edu,30,eget.dictum@google.couk
General,2/5/2021,non.dapibus.rutrum@yahoo.couk,50,nibh.aliquam.ornare@aol.net
Welding,11/16/2016,id.risus@google.net,100,donec@icloud.net
General,12/14/2018,sem.vitae@hotmail.com,50,nulla.semper@outlook.net
General,10/22/2021,morbi.tristique.senectus@aol.edu,50,nulla.eu@google.com
General,7/29/2019,magna.sed.eu@yahoo.edu,50,mauris.aliquam@google.edu
General,4/19/2017,id.risus@google.net,50,donec@icloud.net
General,1/22/2019,magna.sed.eu@yahoo.edu,50,duis@aol.ca
Railcar Wheel Replacement,3/12/2020,blandit.enim@aol.ca,500,sed.pede.cum@aol.couk
Cleaning,10/20/2019,eget.metus.in@google.couk,30,duis@aol.ca
Railcar Wheel Replacement,9/24/2020,eget.metus.in@google.couk,500,et.lacinia@yahoo.com
Cleaning,10/28/2017,libero@yahoo.edu,30,mauris.aliquam@google.edu
General,5/5/2020,libero@yahoo.edu,50,et.lacinia@yahoo.com
Welding,1/25/2020,auctor.quis@icloud.couk,100,sed.pede.cum@aol.couk
General,9/23/2017,dui.quis.accumsan@yahoo.ca,50,nulla.semper@outlook.net
General,12/10/2018,magna.sed@yahoo.ca,50,metus.in.nec@google.ca
General,1/24/2018,velit.justo.nec@yahoo.org,50,urna.convallis@aol.com
Wreck Damage,11/23/2018,eget.metus.in@google.couk,1000,sed.pede@protonmail.com
Wreck Damage,7/2/2018,auctor.velit.aliquam@outlook.couk,1000,sed.pharetra@aol.com
Wreck Damage,3/26/2017,eget.metus.in@google.couk,1000,nibh.aliquam.ornare@aol.net
General,11/13/2021,ligula.eu@aol.com,50,nunc.sollicitudin@protonmail.org
Welding,4/1/2019,ipsum.primis@outlook.org,100,sed.pharetra@aol.com
General,2/10/2020,taciti.sociosqu@protonmail.org,50,eleifend@hotmail.couk
Wreck Damage,6/13/2019,ipsum.primis@outlook.org,1000,mauris.rhoncus.id@hotmail.net
General,3/19/2017,taciti.sociosqu@protonmail.org,50,nunc.sollicitudin@protonmail.org
General,5/29/2020,mollis.nec@aol.com,50,mauris.aliquam@google.edu
General,7/26/2018,eget.metus.in@google.couk,50,nulla.semper@outlook.net
Railcar Wheel Replacement,8/8/2020,nunc@yahoo.net,500,dictum.eleifend@google.couk
General,9/8/2018,tortor@protonmail.ca,50,suspendisse@yahoo.net
Cleaning,12/26/2017,ligula.eu@aol.com,30,nulla.eu@google.com
Railcar Wheel Replacement,10/1/2018,auctor.quis@icloud.couk,500,sed.pede@protonmail.com
Cleaning,1/20/2020,dui.in@yahoo.couk,30,nibh.aliquam.ornare@aol.net
Wreck Damage,12/3/2019,mollis.nec@aol.com,1000,urna.convallis@aol.com
General,10/31/2018,velit.justo.nec@yahoo.org,50,duis.ac@protonmail.com
General,12/31/2016,blandit.enim@aol.ca,50,vulputate.nisi@google.org
Wreck Damage,10/3/2021,consequat@hotmail.com,1000,sollicitudin@hotmail.com
General,8/14/2021,blandit.enim@aol.ca,50,eleifend@hotmail.couk
General,7/17/2019,eget.metus.in@google.couk,50,sed.pede.cum@aol.couk
Railcar Wheel Replacement,9/6/2019,id.risus@google.net,500,nulla.semper@yahoo.org
Wreck Damage,10/20/2019,non.dapibus.rutrum@yahoo.couk,1000,sed.pede@protonmail.com
Wreck Damage,1/29/2017,purus@hotmail.net,1000,sed.pede.cum@aol.couk
General,2/27/2021,mollis.nec@aol.com,50,eleifend@hotmail.couk
Wreck Damage,3/11/2018,id.risus@google.net,1000,donec@icloud.net
Wreck Damage,1/31/2019,sem.vitae@hotmail.com,1000,sed.pharetra@aol.com
Cleaning,2/6/2018,nunc@yahoo.net,30,a.arcu@aol.ca
General,4/18/2021,libero@yahoo.edu,50,duis@aol.ca
Welding,4/2/2021,blandit.enim@aol.ca,100,nulla.semper@yahoo.org
General,12/5/2016,velit@hotmail.com,50,eleifend@hotmail.couk
General,2/16/2021,imperdiet.ullamcorper.duis@aol.edu,50,eleifend@hotmail.couk
Wreck Damage,12/24/2018,id.risus@google.net,1000,eget.dictum@google.couk
General,11/22/2017,tortor@protonmail.ca,50,metus.in.nec@google.ca
General,12/6/2017,tortor@protonmail.ca,50,urna.convallis@aol.com
General,1/24/2017,libero@yahoo.edu,50,quisque.nonummy@yahoo.net
Welding,4/27/2020,ipsum.primis@outlook.org,100,nunc.sollicitudin@protonmail.org
Wreck Damage,6/30/2018,velit.justo.nec@yahoo.org,1000,mauris.aliquam@google.edu
Railcar Wheel Replacement,9/2/2017,mollis.nec@aol.com,500,sed.pharetra@aol.com
Railcar Wheel Replacement,11/3/2019,libero@yahoo.edu,500,nulla.semper@yahoo.org
Cleaning,2/12/2020,mollis.nec@aol.com,30,duis@aol.ca
General,3/23/2018,blandit.enim@aol.ca,50,sed.pharetra@aol.com
General,9/27/2017,consequat@hotmail.com,50,nulla.semper@outlook.net
Railcar Wheel Replacement,9/13/2017,magna.sed.eu@yahoo.edu,500,vitae.velit.egestas@aol.com
General,4/26/2021,magna.suspendisse@yahoo.ca,50,a.arcu@aol.ca
General,8/31/2020,velit.justo.nec@yahoo.org,50,sollicitudin@hotmail.com
Railcar Wheel Replacement,12/23/2017,lorem@protonmail.ca,500,metus.in.nec@google.ca
Welding,7/2/2018,ligula.eu@aol.com,100,a.arcu@aol.ca
General,8/7/2020,ipsum.primis@outlook.org,50,dictum.eleifend@google.couk
General,10/18/2021,mollis.nec@aol.com,50,nunc.sollicitudin@protonmail.org
Wreck Damage,11/11/2018,consequat@hotmail.com,1000,et.lacinia@yahoo.com
Cleaning,2/24/2021,auctor.quis@icloud.couk,30,sed.pharetra@aol.com
General,6/14/2017,non.dapibus.rutrum@yahoo.couk,50,vulputate.nisi@google.org
General,9/24/2021,morbi.tristique.senectus@aol.edu,50,sollicitudin@hotmail.com
Wreck Damage,5/11/2017,consequat@hotmail.com,1000,quisque.nonummy@yahoo.net
General,5/25/2017,tortor@protonmail.ca,50,a.arcu@aol.ca
Railcar Wheel Replacement,5/20/2019,auctor.velit.aliquam@outlook.couk,500,dictum.eleifend@google.couk
General,11/12/2018,lorem@protonmail.ca,50,dictum.eleifend@google.couk
General,6/17/2020,non.dapibus.rutrum@yahoo.couk,50,nulla.semper@outlook.net
General,8/12/2021,tortor@protonmail.ca,50,nunc.sollicitudin@protonmail.org
Cleaning,12/12/2016,magna.suspendisse@yahoo.ca,30,sed.pede@protonmail.com
Wreck Damage,10/22/2018,velit@hotmail.com,1000,nulla.eu@google.com
Railcar Wheel Replacement,12/17/2019,consequat@hotmail.com,500,nibh.aliquam.ornare@aol.net
Wreck Damage,4/9/2017,eget.metus.in@google.couk,1000,sollicitudin@hotmail.com
General,7/21/2021,id.risus@google.net,50,dictum.eleifend@google.couk
General,3/13/2019,velit@hotmail.com,50,vulputate.nisi@google.org
General,1/17/2019,morbi.tristique.senectus@aol.edu,50,magna@icloud.couk
Wreck Damage,5/4/2017,dui.in@yahoo.couk,1000,augue.id@google.couk
General,1/20/2020,eget.metus.in@google.couk,50,eleifend@hotmail.couk
General,9/12/2018,auctor.velit.aliquam@outlook.couk,50,nunc.sollicitudin@protonmail.org
Railcar Wheel Replacement,1/27/2018,sem.vitae@hotmail.com,500,sed.pede@protonmail.com
General,3/8/2021,auctor.quis@icloud.couk,50,eget.dictum@google.couk
General,7/21/2019,velit@hotmail.com,50,vulputate.nisi@google.org
Welding,4/4/2021,purus@hotmail.net,100,dictum.eleifend@google.couk
General,5/3/2021,ultrices.vivamus@aol.couk,50,nunc.sollicitudin@protonmail.org
Welding,4/21/2019,dis.parturient@yahoo.org,100,nulla.semper@yahoo.org
Wreck Damage,9/9/2020,nunc@yahoo.net,1000,a.arcu@aol.ca
General,12/13/2016,purus@hotmail.net,50,urna.convallis@aol.com
Railcar Wheel Replacement,9/29/2019,non.dapibus.rutrum@yahoo.couk,500,nibh.aliquam.ornare@aol.net
General,4/30/2020,ligula.eu@aol.com,50,duis@aol.ca
Cleaning,7/15/2017,purus@hotmail.net,30,a.arcu@aol.ca
Cleaning,11/12/2019,morbi.tristique.senectus@aol.edu,30,duis@aol.ca
General,4/2/2019,dis.parturient@yahoo.org,50,vulputate.nisi@google.org
General,5/1/2019,tortor@protonmail.ca,50,dictum.eleifend@google.couk
Wreck Damage,10/17/2017,magna.suspendisse@yahoo.ca,1000,nulla.semper@yahoo.org
General,6/6/2019,dui.in@yahoo.couk,50,sed.pede@protonmail.com
Railcar Wheel Replacement,12/27/2018,imperdiet.ullamcorper.duis@aol.edu,500,vitae.velit.egestas@aol.com
Cleaning,10/17/2017,dui.quis.accumsan@yahoo.ca,30,eget.dictum@google.couk
Railcar Wheel Replacement,4/26/2017,velit.justo.nec@yahoo.org,500,duis@aol.ca
Cleaning,11/17/2018,lorem@protonmail.ca,30,augue.id@google.couk
Cleaning,3/5/2019,velit@hotmail.com,30,mauris.aliquam@google.edu
Railcar Wheel Replacement,11/12/2021,morbi.tristique.senectus@aol.edu,500,augue.id@google.couk
Welding,12/15/2019,velit.justo.nec@yahoo.org,100,magna@icloud.couk
Railcar Wheel Replacement,5/27/2020,purus@hotmail.net,500,magna@icloud.couk
Wreck Damage,7/28/2017,magna.suspendisse@yahoo.ca,1000,eget.dictum@google.couk
Railcar Wheel Replacement,10/25/2017,dui.quis.accumsan@yahoo.ca,500,suspendisse@yahoo.net
General,8/21/2017,morbi.tristique.senectus@aol.edu,50,augue.id@google.couk
General,12/29/2020,non.dapibus.rutrum@yahoo.couk,50,dictum.eleifend@google.couk
General,11/7/2020,magna.sed.eu@yahoo.edu,50,a.arcu@aol.ca
Wreck Damage,1/1/2017,non.dapibus.rutrum@yahoo.couk,1000,vitae.velit.egestas@aol.com
General,12/19/2017,eget.metus.in@google.couk,50,a.arcu@aol.ca
General,1/21/2017,auctor.quis@icloud.couk,50,urna.convallis@aol.com
Wreck Damage,11/15/2021,morbi.tristique.senectus@aol.edu,1000,dictum.eleifend@google.couk
General,9/19/2020,non.dapibus.rutrum@yahoo.couk,50,sed.pede@protonmail.com
General,7/2/2018,id.risus@google.net,50,dictum.eleifend@google.couk
Welding,12/30/2020,auctor.quis@icloud.couk,100,sed.pede.cum@aol.couk
General,12/2/2020,taciti.sociosqu@protonmail.org,50,nunc.sollicitudin@protonmail.org
Railcar Wheel Replacement,7/27/2018,mollis.nec@aol.com,500,nulla.semper@outlook.net
General,12/22/2019,lorem@protonmail.ca,50,nibh.aliquam.ornare@aol.net
Railcar Wheel Replacement,3/9/2019,dis.parturient@yahoo.org,500,nulla.semper@yahoo.org
General,10/11/2020,nunc@yahoo.net,50,duis.ac@protonmail.com
General,10/3/2017,sem.vitae@hotmail.com,50,sollicitudin@hotmail.com
General,5/5/2017,nunc@yahoo.net,50,a.arcu@aol.ca
General,1/9/2017,non.dapibus.rutrum@yahoo.couk,50,a.arcu@aol.ca
General,3/17/2018,tortor@protonmail.ca,50,et.lacinia@yahoo.com
Welding,3/24/2017,sem.vitae@hotmail.com,100,nibh.aliquam.ornare@aol.net
Welding,10/31/2018,magna.sed.eu@yahoo.edu,100,quisque.nonummy@yahoo.net
Wreck Damage,2/3/2019,eget.metus.in@google.couk,1000,dictum.eleifend@google.couk
Cleaning,8/25/2019,velit.justo.nec@yahoo.org,30,donec@icloud.net
General,11/23/2018,blandit.enim@aol.ca,50,metus.in.nec@google.ca
Cleaning,4/26/2018,velit.justo.nec@yahoo.org,30,donec@icloud.net
Cleaning,10/9/2021,libero@yahoo.edu,30,nulla.eu@google.com
General,8/25/2018,auctor.quis@icloud.couk,50,donec@icloud.net
Wreck Damage,2/14/2020,eget.metus.in@google.couk,1000,duis.ac@protonmail.com
General,12/7/2017,imperdiet.ullamcorper.duis@aol.edu,50,sed.pharetra@aol.com
General,1/24/2019,dui.in@yahoo.couk,50,urna.convallis@aol.com
Wreck Damage,10/30/2019,tortor@protonmail.ca,1000,nulla.eu@google.com
Railcar Wheel Replacement,7/20/2021,auctor.quis@icloud.couk,500,mauris.rhoncus.id@hotmail.net
Cleaning,7/30/2020,velit@hotmail.com,30,nibh.aliquam.ornare@aol.net
General,5/17/2017,magna.sed@yahoo.ca,50,nibh.aliquam.ornare@aol.net
Railcar Wheel Replacement,10/16/2019,nunc@yahoo.net,500,mauris.rhoncus.id@hotmail.net
General,4/27/2019,ligula.eu@aol.com,50,sed.pede.cum@aol.couk
General,10/6/2020,magna.sed.eu@yahoo.edu,50,sollicitudin@hotmail.com
Cleaning,3/3/2018,dui.in@yahoo.couk,30,eleifend@hotmail.couk
General,11/17/2016,auctor.quis@icloud.couk,50,eget.dictum@google.couk
Cleaning,2/23/2020,mollis.nec@aol.com,30,sed.pede.cum@aol.couk
Railcar Wheel Replacement,10/28/2020,lorem@protonmail.ca,500,sollicitudin@hotmail.com
Railcar Wheel Replacement,1/29/2019,eget.metus.in@google.couk,500,augue.id@google.couk
General,1/22/2019,purus@hotmail.net,50,sed.pharetra@aol.com
Railcar Wheel Replacement,10/26/2019,ultrices.vivamus@aol.couk,500,vitae.velit.egestas@aol.com
General,5/13/2018,auctor.quis@icloud.couk,50,sed.pharetra@aol.com
Wreck Damage,7/16/2017,auctor.velit.aliquam@outlook.couk,1000,suspendisse@yahoo.net
Wreck Damage,12/3/2019,consequat@hotmail.com,1000,suspendisse@yahoo.net
Wreck Damage,8/14/2017,non.dapibus.rutrum@yahoo.couk,1000,suspendisse@yahoo.net
General,12/16/2019,tortor@protonmail.ca,50,urna.convallis@aol.com
General,12/5/2018,morbi.tristique.senectus@aol.edu,50,metus.in.nec@google.ca
Wreck Damage,7/29/2018,blandit.enim@aol.ca,1000,quisque.nonummy@yahoo.net
Wreck Damage,2/9/2017,ligula.eu@aol.com,1000,quisque.nonummy@yahoo.net
Railcar Wheel Replacement,12/18/2019,velit.justo.nec@yahoo.org,500,eleifend@hotmail.couk
General,2/23/2017,magna.sed@yahoo.ca,50,sed.pede@protonmail.com
General,8/29/2020,sem.vitae@hotmail.com,50,metus.in.nec@google.ca
Railcar Wheel Replacement,11/8/2020,taciti.sociosqu@protonmail.org,500,duis@aol.ca
General,6/11/2020,blandit.enim@aol.ca,50,nulla.semper@outlook.net
Railcar Wheel Replacement,9/11/2019,velit@hotmail.com,500,duis.ac@protonmail.com
General,10/25/2021,nunc@yahoo.net,50,metus.in.nec@google.ca
Railcar Wheel Replacement,2/24/2019,libero@yahoo.edu,500,donec@icloud.net
Wreck Damage,6/9/2018,non.dapibus.rutrum@yahoo.couk,1000,sed.pede@protonmail.com
General,5/31/2017,morbi.tristique.senectus@aol.edu,50,vitae.velit.egestas@aol.com
Wreck Damage,2/19/2021,sem.vitae@hotmail.com,1000,vulputate.nisi@google.org
Cleaning,1/28/2019,blandit.enim@aol.ca,30,magna@icloud.couk
Wreck Damage,7/28/2020,magna.suspendisse@yahoo.ca,1000,suspendisse@yahoo.net
General,4/13/2019,auctor.velit.aliquam@outlook.couk,50,vitae.velit.egestas@aol.com
Railcar Wheel Replacement,1/16/2019,blandit.enim@aol.ca,500,et.lacinia@yahoo.com
General,1/14/2021,nunc@yahoo.net,50,donec@icloud.net
General,12/3/2020,magna.sed.eu@yahoo.edu,50,et.lacinia@yahoo.com
General,12/4/2017,lorem@protonmail.ca,50,mauris.aliquam@google.edu
Cleaning,4/16/2018,dui.quis.accumsan@yahoo.ca,30,metus.in.nec@google.ca
General,12/14/2018,magna.sed.eu@yahoo.edu,50,augue.id@google.couk
General,6/13/2021,ligula.eu@aol.com,50,sed.pede@protonmail.com
General,4/11/2021,purus@hotmail.net,50,vitae.velit.egestas@aol.com
Welding,6/18/2017,lorem@protonmail.ca,100,duis.ac@protonmail.com
Cleaning,11/18/2018,auctor.velit.aliquam@outlook.couk,30,mauris.rhoncus.id@hotmail.net
Cleaning,2/16/2017,non.dapibus.rutrum@yahoo.couk,30,nunc.sollicitudin@protonmail.org
Cleaning,4/12/2020,velit.justo.nec@yahoo.org,30,duis@aol.ca
General,7/28/2020,mollis.nec@aol.com,50,augue.id@google.couk
Railcar Wheel Replacement,3/18/2018,magna.suspendisse@yahoo.ca,500,suspendisse@yahoo.net
General,12/27/2017,mollis.nec@aol.com,50,dictum.eleifend@google.couk
Welding,1/22/2020,ipsum.primis@outlook.org,100,nunc.sollicitudin@protonmail.org
Welding,8/9/2021,auctor.quis@icloud.couk,100,a.arcu@aol.ca
Cleaning,4/24/2019,dui.quis.accumsan@yahoo.ca,30,a.arcu@aol.ca
General,10/22/2020,auctor.quis@icloud.couk,50,nulla.semper@yahoo.org
General,9/26/2019,non.dapibus.rutrum@yahoo.couk,50,et.lacinia@yahoo.com
Wreck Damage,11/23/2020,auctor.quis@icloud.couk,1000,metus.in.nec@google.ca
General,7/27/2017,eget.metus.in@google.couk,50,quisque.nonummy@yahoo.net
Welding,3/23/2019,eget.metus.in@google.couk,100,dictum.eleifend@google.couk
General,6/3/2017,magna.suspendisse@yahoo.ca,50,sed.pede@protonmail.com
General,9/28/2018,dui.in@yahoo.couk,50,eleifend@hotmail.couk
Welding,3/16/2020,non.dapibus.rutrum@yahoo.couk,100,mauris.aliquam@google.edu
General,11/17/2017,eget.metus.in@google.couk,50,duis.ac@protonmail.com
General,11/4/2021,ipsum.primis@outlook.org,50,vitae.velit.egestas@aol.com
Cleaning,4/14/2017,ipsum.primis@outlook.org,30,mauris.rhoncus.id@hotmail.net
Railcar Wheel Replacement,5/9/2021,magna.suspendisse@yahoo.ca,500,sollicitudin@hotmail.com
Railcar Wheel Replacement,6/27/2018,tortor@protonmail.ca,500,vitae.velit.egestas@aol.com
Railcar Wheel Replacement,3/5/2020,consequat@hotmail.com,500,donec@icloud.net
Welding,7/7/2017,auctor.quis@icloud.couk,100,magna@icloud.couk
General,9/16/2018,purus@hotmail.net,50,dictum.eleifend@google.couk
Welding,10/20/2020,morbi.tristique.senectus@aol.edu,100,suspendisse@yahoo.net
Wreck Damage,5/22/2019,sem.vitae@hotmail.com,1000,vitae.velit.egestas@aol.com
General,4/1/2017,auctor.quis@icloud.couk,50,sollicitudin@hotmail.com
Railcar Wheel Replacement,5/1/2020,velit.justo.nec@yahoo.org,500,sed.pede@protonmail.com
General,12/25/2018,ultrices.vivamus@aol.couk,50,urna.convallis@aol.com
General,5/27/2018,dis.parturient@yahoo.org,50,duis@aol.ca
General,12/3/2020,ipsum.primis@outlook.org,50,sed.pede@protonmail.com
General,6/3/2017,dui.quis.accumsan@yahoo.ca,50,nibh.aliquam.ornare@aol.net
Railcar Wheel Replacement,10/14/2019,nunc@yahoo.net,500,vitae.velit.egestas@aol.com
Welding,10/17/2018,non.dapibus.rutrum@yahoo.couk,100,vulputate.nisi@google.org
General,11/11/2021,lorem@protonmail.ca,50,augue.id@google.couk
Railcar Wheel Replacement,2/22/2018,purus@hotmail.net,500,duis@aol.ca
Welding,9/21/2021,magna.sed.eu@yahoo.edu,100,metus.in.nec@google.ca
Welding,3/23/2020,ipsum.primis@outlook.org,100,nulla.eu@google.com
General,3/7/2018,dui.quis.accumsan@yahoo.ca,50,nunc.sollicitudin@protonmail.org
General,12/26/2018,mollis.nec@aol.com,50,metus.in.nec@google.ca
General,9/18/2020,magna.suspendisse@yahoo.ca,50,nulla.semper@yahoo.org
General,5/20/2019,nunc@yahoo.net,50,vulputate.nisi@google.org
General,6/6/2018,ultrices.vivamus@aol.couk,50,sed.pede@protonmail.com
Wreck Damage,6/23/2019,mollis.nec@aol.com,1000,mauris.aliquam@google.edu
General,7/22/2020,velit.justo.nec@yahoo.org,50,augue.id@google.couk
Wreck Damage,6/13/2018,ligula.eu@aol.com,1000,augue.id@google.couk
General,5/28/2020,ligula.eu@aol.com,50,a.arcu@aol.ca
General,1/4/2020,nunc@yahoo.net,50,urna.convallis@aol.com
Cleaning,2/9/2020,magna.sed.eu@yahoo.edu,30,nunc.sollicitudin@protonmail.org
Wreck Damage,2/3/2018,ultrices.vivamus@aol.couk,1000,nulla.semper@yahoo.org
Railcar Wheel Replacement,8/9/2020,imperdiet.ullamcorper.duis@aol.edu,500,nulla.semper@outlook.net
Railcar Wheel Replacement,5/26/2021,libero@yahoo.edu,500,magna@icloud.couk
Welding,1/29/2021,auctor.quis@icloud.couk,100,sollicitudin@hotmail.com
General,5/7/2018,velit.justo.nec@yahoo.org,50,duis.ac@protonmail.com
Wreck Damage,6/5/2021,mollis.nec@aol.com,1000,sed.pharetra@aol.com
General,1/7/2018,ipsum.primis@outlook.org,50,donec@icloud.net
General,2/16/2019,auctor.quis@icloud.couk,50,nunc.sollicitudin@protonmail.org
General,10/3/2019,velit.justo.nec@yahoo.org,50,suspendisse@yahoo.net
Cleaning,6/24/2021,dis.parturient@yahoo.org,30,urna.convallis@aol.com
General,12/20/2020,id.risus@google.net,50,eleifend@hotmail.couk
Welding,9/2/2018,id.risus@google.net,100,quisque.nonummy@yahoo.net
Cleaning,4/5/2018,auctor.velit.aliquam@outlook.couk,30,vitae.velit.egestas@aol.com
General,12/30/2016,ipsum.primis@outlook.org,50,dictum.eleifend@google.couk
Wreck Damage,11/9/2021,magna.sed@yahoo.ca,1000,et.lacinia@yahoo.com
General,10/18/2017,lorem@protonmail.ca,50,eleifend@hotmail.couk
Welding,6/11/2020,magna.sed@yahoo.ca,100,nulla.semper@yahoo.org
General,8/22/2019,id.risus@google.net,50,duis@aol.ca
General,8/16/2020,blandit.enim@aol.ca,50,nibh.aliquam.ornare@aol.net
General,4/21/2021,sem.vitae@hotmail.com,50,vitae.velit.egestas@aol.com
General,6/29/2018,velit.justo.nec@yahoo.org,50,sollicitudin@hotmail.com
General,5/13/2018,lorem@protonmail.ca,50,duis.ac@protonmail.com
General,12/29/2016,morbi.tristique.senectus@aol.edu,50,quisque.nonummy@yahoo.net
General,3/8/2020,velit@hotmail.com,50,nulla.semper@outlook.net
General,9/17/2021,sem.vitae@hotmail.com,50,sollicitudin@hotmail.com
General,6/25/2017,auctor.velit.aliquam@outlook.couk,50,urna.convallis@aol.com
General,12/27/2017,non.dapibus.rutrum@yahoo.couk,50,mauris.aliquam@google.edu
General,4/3/2021,id.risus@google.net,50,duis.ac@protonmail.com
Welding,12/3/2016,taciti.sociosqu@protonmail.org,100,sollicitudin@hotmail.com
General,3/21/2017,imperdiet.ullamcorper.duis@aol.edu,50,et.lacinia@yahoo.com
General,11/21/2018,id.risus@google.net,50,eget.dictum@google.couk
Welding,8/3/2017,eget.metus.in@google.couk,100,et.lacinia@yahoo.com
Wreck Damage,10/4/2020,sem.vitae@hotmail.com,1000,nibh.aliquam.ornare@aol.net
Cleaning,10/4/2018,blandit.enim@aol.ca,30,sed.pharetra@aol.com
General,2/20/2020,dui.quis.accumsan@yahoo.ca,50,sollicitudin@hotmail.com
General,5/5/2018,magna.suspendisse@yahoo.ca,50,sollicitudin@hotmail.com
General,9/2/2017,ipsum.primis@outlook.org,50,nulla.semper@yahoo.org
General,7/5/2019,velit@hotmail.com,50,donec@icloud.net
Wreck Damage,1/22/2021,consequat@hotmail.com,1000,urna.convallis@aol.com
Cleaning,9/22/2019,imperdiet.ullamcorper.duis@aol.edu,30,dictum.eleifend@google.couk
General,5/10/2017,blandit.enim@aol.ca,50,urna.convallis@aol.com
Cleaning,11/20/2017,sem.vitae@hotmail.com,30,et.lacinia@yahoo.com
Railcar Wheel Replacement,12/15/2020,eget.metus.in@google.couk,500,magna@icloud.couk
General,2/27/2017,eget.metus.in@google.couk,50,augue.id@google.couk
Welding,4/5/2021,blandit.enim@aol.ca,100,metus.in.nec@google.ca
General,7/16/2021,magna.suspendisse@yahoo.ca,50,urna.convallis@aol.com
Welding,7/13/2021,dui.quis.accumsan@yahoo.ca,100,eget.dictum@google.couk
Cleaning,10/29/2017,auctor.quis@icloud.couk,30,duis@aol.ca
General,5/4/2020,mollis.nec@aol.com,50,quisque.nonummy@yahoo.net
General,8/11/2017,dui.in@yahoo.couk,50,mauris.aliquam@google.edu
General,5/8/2020,ipsum.primis@outlook.org,50,nunc.sollicitudin@protonmail.org
Wreck Damage,12/23/2020,morbi.tristique.senectus@aol.edu,1000,et.lacinia@yahoo.com
General,5/1/2021,velit.justo.nec@yahoo.org,50,sed.pede.cum@aol.couk
Railcar Wheel Replacement,7/26/2017,libero@yahoo.edu,500,nulla.semper@outlook.net
General,1/2/2021,sem.vitae@hotmail.com,50,et.lacinia@yahoo.com
General,5/9/2021,eget.metus.in@google.couk,50,suspendisse@yahoo.net
Cleaning,1/22/2020,taciti.sociosqu@protonmail.org,30,et.lacinia@yahoo.com
Railcar Wheel Replacement,12/8/2016,dui.quis.accumsan@yahoo.ca,500,sed.pede@protonmail.com
General,4/7/2020,ultrices.vivamus@aol.couk,50,suspendisse@yahoo.net
Cleaning,6/27/2018,consequat@hotmail.com,30,nulla.eu@google.com
General,10/2/2021,tortor@protonmail.ca,50,urna.convallis@aol.com
Wreck Damage,5/13/2018,libero@yahoo.edu,1000,nulla.semper@yahoo.org
Wreck Damage,9/30/2021,ipsum.primis@outlook.org,1000,mauris.aliquam@google.edu
General,6/11/2021,ligula.eu@aol.com,50,eget.dictum@google.couk
General,9/17/2021,auctor.quis@icloud.couk,50,donec@icloud.net
Wreck Damage,4/21/2021,dui.quis.accumsan@yahoo.ca,1000,nulla.semper@outlook.net
Wreck Damage,6/20/2017,nunc@yahoo.net,1000,duis.ac@protonmail.com
General,12/30/2020,id.risus@google.net,50,vulputate.nisi@google.org
Railcar Wheel Replacement,5/12/2021,dis.parturient@yahoo.org,500,dictum.eleifend@google.couk
Cleaning,12/4/2016,magna.sed.eu@yahoo.edu,30,et.lacinia@yahoo.com
Railcar Wheel Replacement,2/22/2019,velit@hotmail.com,500,sollicitudin@hotmail.com
General,9/18/2021,velit.justo.nec@yahoo.org,50,duis@aol.ca
Welding,10/31/2017,ligula.eu@aol.com,100,donec@icloud.net
General,2/9/2021,ipsum.primis@outlook.org,50,nulla.semper@yahoo.org
General,6/29/2020,blandit.enim@aol.ca,50,eleifend@hotmail.couk
Railcar Wheel Replacement,12/19/2016,sem.vitae@hotmail.com,500,augue.id@google.couk
General,7/31/2020,auctor.velit.aliquam@outlook.couk,50,urna.convallis@aol.com
Railcar Wheel Replacement,10/5/2017,velit.justo.nec@yahoo.org,500,mauris.aliquam@google.edu
Wreck Damage,4/15/2019,auctor.quis@icloud.couk,1000,nunc.sollicitudin@protonmail.org
General,6/4/2020,lorem@protonmail.ca,50,dictum.eleifend@google.couk
Welding,5/21/2018,dui.quis.accumsan@yahoo.ca,100,metus.in.nec@google.ca
Cleaning,10/27/2019,ultrices.vivamus@aol.couk,30,suspendisse@yahoo.net
Welding,10/18/2017,purus@hotmail.net,100,nibh.aliquam.ornare@aol.net
Cleaning,6/16/2017,imperdiet.ullamcorper.duis@aol.edu,30,nulla.eu@google.com
General,12/29/2016,non.dapibus.rutrum@yahoo.couk,50,nulla.semper@outlook.net
Wreck Damage,4/18/2021,libero@yahoo.edu,1000,eleifend@hotmail.couk
Welding,4/23/2018,mollis.nec@aol.com,100,nibh.aliquam.ornare@aol.net
General,12/9/2020,ligula.eu@aol.com,50,suspendisse@yahoo.net
General,12/31/2017,lorem@protonmail.ca,50,sed.pede.cum@aol.couk
Railcar Wheel Replacement,12/16/2020,eget.metus.in@google.couk,500,dictum.eleifend@google.couk
Railcar Wheel Replacement,7/3/2021,velit@hotmail.com,500,augue.id@google.couk
Wreck Damage,5/11/2020,ultrices.vivamus@aol.couk,1000,vitae.velit.egestas@aol.com
